Days,Oil_Production_Rate,Gas_Production_Rate,Water_Production_Rate,Reservoir_Pressure,Water_Cut
0,5024.835707650562,10139.935543658601,93.24821725025619,4000.0,1.8219360725325195
1,4989.088384514859,10082.468366625028,98.60481329284482,3999.5,1.9381045487438946
2,5024.390823493067,9985.983023665349,92.17580079000038,3999.0,1.8015166723821572
3,5064.16588130731,9905.351277263173,97.0703847036096,3998.5,1.8807584016810486
4,4972.3179039789975,10029.902224801275,81.26385333046215,3998.0,1.6080446944965867
